{
  "num_dimensions": 300,
  "num_points_a": 1880,
  "num_points_b": 1178,
  "chamfer_distance_l1": 59591.92942665145,
  "chamfer_distance_l2": 4316.598216582601
}
